SERVICEID,SERVICENAMESHORT,SERVICENAME,IMAGEURL
95,Painter,Painting,58624-malovani.jpg
267,,Roofing,
289,,Carpet Cleaning,00087-hali-yikama-temizleme.jpg
393,,Lawn Care,
518,,Office Cleaning,00518-office-cleaning.jpg
1687,,Bathroom Renovation,00552-banyo-tadilat.jpg
1688,,Kitchen Renovation,00656-mutfak-tadilat.jpg
1803,,Lawn Care,27917-gardeners.jpg
1906,,Garden Design,00845-bahce-tasarim.jpg
1908,,Fence Installation,112765-installazione-recinzione.jpeg
2482,,Toilet Repair,01176-klozet-tamiri.jpg
4144,,Regular Cleaning,04144-regular-cleaning.jpg
4706,,Tree Trimming,
5192,,Deck Building,
5784,,Pipe Repair,112286-riparazione-tubi.jpg
7626,,Smart Home,97963-smart-home.jpeg
27436,,Roofing,27436-roofers.jpg
35335,,Furniture Assembly,56789-furniture-assembly.jpg
56789,,Furniture Assembly,56789-furniture-assembly.jpg
57433,,Smart Home,
62766,,Window Cleaning,62766-window-cleaning.jpg
63048,,Carpet Cleaning,00087-hali-yikama-temizleme.jpg
71931,,Deep Cleaning,71931-deep-cleaning.jpg
94510,,Smart Home,
97963,,Smart Home,97963-smart-home.jpeg
100228,,Smart Home,
111797,,Smart Home,
